{"../ablation1/ablation1_eval/no_prover_score_5/scores-test": {"QAHC->P": {"counter": 340, "proof-leaves": {"acc": 0.8852941176470588, "F1": 0.9746994431437153, "P": 0.9882352941176471, "R": 0.9647469442322384}, "proof-steps": {"acc": 0.4, "F1": 0.5292241733559349, "P": 0.5292378944584828, "R": 0.5352926322043972}, "proof-intermediates": {"ROUGE_L_F": 0.8230094860205153, "ROUGE_L_F_perfect_align": 0.8564975490196074, "BLEURT": 0.6817764067025331, "BLEURT_P": 0.7758419848125729, "BLEURT_R": 0.6922768652915711, "BLEURT_F1": 0.7170971462220581, "BLEURT_perfect_align": 0.8332988650886358, "BLEURT_acc": 0.3941176470588235, "BLEURT_acc_perfect_align": 0.8382352941176471, "fraction_perfect_align": 0.7015523202287908}, "proof-overall": {"acc": 0.36764705882352944, "acc_perfect_align": 0.36764705882352944}}}}