{"../ablation1/ablation1_eval/full_model_2/scores-test": {"QAHC->P": {"counter": 340, "proof-leaves": {"acc": 0.9088235294117647, "F1": 0.979581940677142, "P": 0.9911764705882353, "R": 0.9716987097869453}, "proof-steps": {"acc": 0.4117647058823529, "F1": 0.5537651383194986, "P": 0.5574903633467649, "R": 0.5552879636703171}, "proof-intermediates": {"ROUGE_L_F": 0.8269185899404329, "ROUGE_L_F_perfect_align": 0.8726960784313726, "BLEURT": 0.6915040963634365, "BLEURT_P": 0.7848944649160908, "BLEURT_R": 0.7090961081402255, "BLEURT_F1": 0.7306870890903633, "BLEURT_perfect_align": 0.8561722581330048, "BLEURT_acc": 0.39705882352941174, "BLEURT_acc_perfect_align": 0.8470588235294118, "fraction_perfect_align": 0.7124445705198302}, "proof-overall": {"acc": 0.3764705882352941, "acc_perfect_align": 0.3764705882352941}}}}