{"../ablation1/ablation1_eval/no_prover_score_2/scores-test": {"QAHC->P": {"counter": 340, "proof-leaves": {"acc": 0.8970588235294118, "F1": 0.9757070956724935, "P": 0.9882352941176471, "R": 0.9679524233935999}, "proof-steps": {"acc": 0.3941176470588235, "F1": 0.5268772292269246, "P": 0.5290744712803537, "R": 0.5329514684661747}, "proof-intermediates": {"ROUGE_L_F": 0.819367737817738, "ROUGE_L_F_perfect_align": 0.8679287433155077, "BLEURT": 0.6831117503804944, "BLEURT_P": 0.76993100853395, "BLEURT_R": 0.6886616161616159, "BLEURT_F1": 0.7111763187843092, "BLEURT_perfect_align": 0.8509525213072301, "BLEURT_acc": 0.38529411764705884, "BLEURT_acc_perfect_align": 0.8382352941176471, "fraction_perfect_align": 0.7034103927118633}, "proof-overall": {"acc": 0.36176470588235293, "acc_perfect_align": 0.36176470588235293}}}}