{"../ablation1/ablation1_eval/no_prover_score_4/scores-test": {"QAHC->P": {"counter": 340, "proof-leaves": {"acc": 0.8558823529411764, "F1": 0.9715622507102436, "P": 0.9882352941176471, "R": 0.9594260886172653}, "proof-steps": {"acc": 0.3941176470588235, "F1": 0.529069951904678, "P": 0.5280212115354851, "R": 0.5386984339190224}, "proof-intermediates": {"ROUGE_L_F": 0.8208397776771479, "ROUGE_L_F_perfect_align": 0.8504640522875817, "BLEURT": 0.6839480451083346, "BLEURT_P": 0.7705249119392718, "BLEURT_R": 0.6927994227994225, "BLEURT_F1": 0.713381078082548, "BLEURT_perfect_align": 0.8270186207234688, "BLEURT_acc": 0.38823529411764707, "BLEURT_acc_perfect_align": 0.8235294117647058, "fraction_perfect_align": 0.6969277363351759}, "proof-overall": {"acc": 0.36470588235294116, "acc_perfect_align": 0.36470588235294116}}}}