{"../ablation1/ablation1_eval/no_verifier_score_1/scores-test": {"QAHC->P": {"counter": 340, "proof-leaves": {"acc": 0.9470588235294117, "F1": 0.9808537555084871, "P": 0.9882352941176471, "R": 0.976232492997199}, "proof-steps": {"acc": 0.4176470588235294, "F1": 0.547237840216806, "P": 0.549793907073319, "R": 0.5486472922502337}, "proof-intermediates": {"ROUGE_L_F": 0.8211150526760824, "ROUGE_L_F_perfect_align": 0.8874042483660128, "BLEURT": 0.6773777763566934, "BLEURT_P": 0.773535378020672, "BLEURT_R": 0.6942000891265595, "BLEURT_F1": 0.7168458402366427, "BLEURT_perfect_align": 0.8744567258212124, "BLEURT_acc": 0.38823529411764707, "BLEURT_acc_perfect_align": 0.8323529411764706, "fraction_perfect_align": 0.7071720926132692}, "proof-overall": {"acc": 0.37058823529411766, "acc_perfect_align": 0.37058823529411766}}}}