{"../ablation1/ablation1_eval/no_verifier_score_3/scores-test": {"QAHC->P": {"counter": 340, "proof-leaves": {"acc": 0.9441176470588235, "F1": 0.9838102898582103, "P": 0.9882352941176471, "R": 0.9803116246498599}, "proof-steps": {"acc": 0.4176470588235294, "F1": 0.5460130247946677, "P": 0.5478699405169996, "R": 0.5475911425176134}, "proof-intermediates": {"ROUGE_L_F": 0.8200787420912424, "ROUGE_L_F_perfect_align": 0.8831670168067224, "BLEURT": 0.6748249659048782, "BLEURT_P": 0.7678601382277851, "BLEURT_R": 0.6926663695781341, "BLEURT_F1": 0.7140148686327255, "BLEURT_perfect_align": 0.8687202840499744, "BLEURT_acc": 0.38823529411764707, "BLEURT_acc_perfect_align": 0.8264705882352941, "fraction_perfect_align": 0.7070954862131332}, "proof-overall": {"acc": 0.37058823529411766, "acc_perfect_align": 0.37058823529411766}}}}