{"../ablation3/eval/scone_prover_no_verifier/scores-test": {"QAHC->P": {"counter": 225, "proof-leaves": {"acc": 0.4622222222222222, "F1": 0.8527108447108447, "P": 0.9000000000000001, "R": 0.8520317460317466}, "proof-steps": {"acc": 0.4177777777777778, "F1": 0.6219223985890658, "P": 0.6273333333333332, "R": 0.6386666666666666}, "proof-intermediates": {"ROUGE_L_F": 0.9479555555555549, "ROUGE_L_F_perfect_align": 0.6910407407407412, "BLEURT": 0.8907399715855722, "BLEURT_P": 0.9235555555555557, "BLEURT_R": 0.778296296296296, "BLEURT_F1": 0.8167989530598225, "BLEURT_perfect_align": 0.6809293214714635, "BLEURT_acc": 0.5955555555555555, "BLEURT_acc_perfect_align": 0.9555555555555556, "fraction_perfect_align": 0.5695555555555555}, "proof-overall": {"acc": 0.4177777777777778, "acc_perfect_align": 0.4177777777777778}}}}