{"../ablation1/ablation1_eval/full_model/scores-test": {"QAHC->P": {"counter": 340, "proof-leaves": {"acc": 0.9058823529411765, "F1": 0.9760230144508963, "P": 0.9882352941176471, "R": 0.9682326415414652}, "proof-steps": {"acc": 0.42058823529411765, "F1": 0.5532090933776405, "P": 0.5558606941733879, "R": 0.5551678550207966}, "proof-intermediates": {"ROUGE_L_F": 0.8244595395359718, "ROUGE_L_F_perfect_align": 0.8678810457516339, "BLEURT": 0.6887979206077821, "BLEURT_P": 0.7789300083301628, "BLEURT_R": 0.7009261734997027, "BLEURT_F1": 0.7243285165866867, "BLEURT_perfect_align": 0.849355602080468, "BLEURT_acc": 0.4, "BLEURT_acc_perfect_align": 0.8352941176470589, "fraction_perfect_align": 0.7173197786046085}, "proof-overall": {"acc": 0.38235294117647056, "acc_perfect_align": 0.38235294117647056}}}}