{"../ablation3/eval/gsm8k_prover_ent_verifier/scores-test": {"QAHC->P": {"counter": 75, "proof-leaves": {"acc": 0.76, "F1": 0.9636344396344394, "P": 0.9853333333333334, "R": 0.9510793650793649}, "proof-steps": {"acc": 0.0, "F1": 0.2146261118768859, "P": 0.22019014319014318, "R": 0.2181587301587302}, "proof-intermediates": {"ROUGE_L_F": 0.3940076997076997, "ROUGE_L_F_perfect_align": 0.3670571428571428, "BLEURT": -0.42935967233336103, "BLEURT_P": 0.1907240537240537, "BLEURT_R": 0.17503174603174598, "BLEURT_F1": 0.1779669363206851, "BLEURT_perfect_align": -0.3465419411795835, "BLEURT_acc": 0.0, "BLEURT_acc_perfect_align": 0.17333333333333334, "fraction_perfect_align": 0.6942915602915601}, "proof-overall": {"acc": 0.0, "acc_perfect_align": 0.0}}}}