{"../ablation1/ablation1_eval/no_search_5/scores-test": {"QAHC->P": {"counter": 340, "proof-leaves": {"acc": 0.9852941176470589, "F1": 0.9880090497737556, "P": 0.9882352941176471, "R": 0.9878151260504202}, "proof-steps": {"acc": 0.4147058823529412, "F1": 0.5490997878616258, "P": 0.5513197749962458, "R": 0.550013156777863}, "proof-intermediates": {"ROUGE_L_F": 0.822454461469903, "ROUGE_L_F_perfect_align": 0.9034950980392156, "BLEURT": 0.6806033781925425, "BLEURT_P": 0.771872743269802, "BLEURT_R": 0.6977762923351156, "BLEURT_F1": 0.7193121599106505, "BLEURT_perfect_align": 0.889413057818105, "BLEURT_acc": 0.38529411764705884, "BLEURT_acc_perfect_align": 0.8264705882352941, "fraction_perfect_align": 0.7180722708663887}, "proof-overall": {"acc": 0.36764705882352944, "acc_perfect_align": 0.36764705882352944}}}}