{"../ablation3/eval/gsm8k_prover_gsm8k_verifier/scores-test": {"QAHC->P": {"counter": 75, "proof-leaves": {"acc": 0.76, "F1": 0.961372331372331, "P": 0.9823333333333333, "R": 0.9504126984126983}, "proof-steps": {"acc": 0.0, "F1": 0.2338889998889999, "P": 0.23782539682539677, "R": 0.240047619047619}, "proof-intermediates": {"ROUGE_L_F": 0.4061512698412698, "ROUGE_L_F_perfect_align": 0.3655258730158729, "BLEURT": -0.4054837985410105, "BLEURT_P": 0.19925396825396827, "BLEURT_R": 0.19447619047619047, "BLEURT_F1": 0.1918918118918119, "BLEURT_perfect_align": -0.3515333580216837, "BLEURT_acc": 0.0, "BLEURT_acc_perfect_align": 0.14666666666666667, "fraction_perfect_align": 0.6870317460317459}, "proof-overall": {"acc": 0.0, "acc_perfect_align": 0.0}}}}