{"../ablation1/ablation1_eval/full_model_4/scores-test": {"QAHC->P": {"counter": 340, "proof-leaves": {"acc": 0.9029411764705882, "F1": 0.9731637188061336, "P": 0.9882352941176471, "R": 0.964744079449962}, "proof-steps": {"acc": 0.4147058823529412, "F1": 0.5487551492700833, "P": 0.5525036727977908, "R": 0.5510630464306939}, "proof-intermediates": {"ROUGE_L_F": 0.8250128425496073, "ROUGE_L_F_perfect_align": 0.8711336134453782, "BLEURT": 0.6887099106683401, "BLEURT_P": 0.7807091111502874, "BLEURT_R": 0.7046842373312958, "BLEURT_F1": 0.7254089671793909, "BLEURT_perfect_align": 0.8485460633142977, "BLEURT_acc": 0.4, "BLEURT_acc_perfect_align": 0.8323529411764706, "fraction_perfect_align": 0.715503834400893}, "proof-overall": {"acc": 0.37941176470588234, "acc_perfect_align": 0.37941176470588234}}}}