{"../ablation1/ablation1_eval/no_verifier_score_5/scores-test": {"QAHC->P": {"counter": 340, "proof-leaves": {"acc": 0.9588235294117647, "F1": 0.983993524236491, "P": 0.9882352941176471, "R": 0.9810644257703082}, "proof-steps": {"acc": 0.4176470588235294, "F1": 0.5475496819074951, "P": 0.5498581290570457, "R": 0.5488946184534423}, "proof-intermediates": {"ROUGE_L_F": 0.8212259961400832, "ROUGE_L_F_perfect_align": 0.8966700280112041, "BLEURT": 0.6787522301614356, "BLEURT_P": 0.7726456403933181, "BLEURT_R": 0.6957932263814615, "BLEURT_F1": 0.7180104721396093, "BLEURT_perfect_align": 0.8818447621325253, "BLEURT_acc": 0.38823529411764707, "BLEURT_acc_perfect_align": 0.8323529411764706, "fraction_perfect_align": 0.7125495222012251}, "proof-overall": {"acc": 0.37058823529411766, "acc_perfect_align": 0.37058823529411766}}}}