{"../ablation1/ablation1_eval/no_verifier_score_4/scores-test": {"QAHC->P": {"counter": 340, "proof-leaves": {"acc": 0.9352941176470588, "F1": 0.9794423894003443, "P": 0.9882352941176471, "R": 0.9741444911297853}, "proof-steps": {"acc": 0.42058823529411765, "F1": 0.5459129667657261, "P": 0.549358884579473, "R": 0.546415414650709}, "proof-intermediates": {"ROUGE_L_F": 0.8207071670976086, "ROUGE_L_F_perfect_align": 0.88924362745098, "BLEURT": 0.6768630372898886, "BLEURT_P": 0.7724829418947066, "BLEURT_R": 0.6918527714115947, "BLEURT_F1": 0.71507063331416, "BLEURT_perfect_align": 0.8742529048939582, "BLEURT_acc": 0.3911764705882353, "BLEURT_acc_perfect_align": 0.8352941176470589, "fraction_perfect_align": 0.7089673561732385}, "proof-overall": {"acc": 0.3735294117647059, "acc_perfect_align": 0.3735294117647059}}}}