{"../ablation1/ablation1_eval/full_model_5/scores-test": {"QAHC->P": {"counter": 340, "proof-leaves": {"acc": 0.9088235294117647, "F1": 0.9772127846353853, "P": 0.9882352941176471, "R": 0.9699837662337665}, "proof-steps": {"acc": 0.4235294117647059, "F1": 0.5548071603383009, "P": 0.5577337776602486, "R": 0.5579434046345814}, "proof-intermediates": {"ROUGE_L_F": 0.8241895313020314, "ROUGE_L_F_perfect_align": 0.8705179487179486, "BLEURT": 0.6913588270047173, "BLEURT_P": 0.7858244778097717, "BLEURT_R": 0.7102493421611068, "BLEURT_F1": 0.7310944269665216, "BLEURT_perfect_align": 0.8521950045299155, "BLEURT_acc": 0.4117647058823529, "BLEURT_acc_perfect_align": 0.8441176470588235, "fraction_perfect_align": 0.7165264229234817}, "proof-overall": {"acc": 0.38235294117647056, "acc_perfect_align": 0.38235294117647056}}}}