{"../ablation1/ablation1_eval/no_search_no_stepwise_1/scores-test": {"QAHC->P": {"counter": 340, "proof-leaves": {"acc": 0.8264705882352941, "F1": 0.9823928827494446, "P": 0.9985294117647059, "R": 0.9700476402682285}, "proof-steps": {"acc": 0.4088235294117647, "F1": 0.5176709815609835, "P": 0.5210603938545117, "R": 0.5172136278753928}, "proof-intermediates": {"ROUGE_L_F": 0.8211175770308122, "ROUGE_L_F_perfect_align": 0.8482181372549017, "BLEURT": 0.6470834931886181, "BLEURT_P": 0.7058865970630678, "BLEURT_R": 0.6511403955521603, "BLEURT_F1": 0.6667369234064665, "BLEURT_perfect_align": 0.820710711695948, "BLEURT_acc": 0.36470588235294116, "BLEURT_acc_perfect_align": 0.8529411764705882, "fraction_perfect_align": 0.6747549019607842}, "proof-overall": {"acc": 0.34705882352941175, "acc_perfect_align": 0.3588235294117647}}}}