{"../ablation3/eval/scone_prover_scone_verifier/scores-test": {"QAHC->P": {"counter": 225, "proof-leaves": {"acc": 0.4711111111111111, "F1": 0.8558419851753183, "P": 0.9029629629629633, "R": 0.8528465608465614}, "proof-steps": {"acc": 0.4266666666666667, "F1": 0.627707231040565, "P": 0.6334814814814816, "R": 0.6422222222222222}, "proof-intermediates": {"ROUGE_L_F": 0.9503622222222217, "ROUGE_L_F_perfect_align": 0.6967592592592599, "BLEURT": 0.902676120573724, "BLEURT_P": 0.9307407407407409, "BLEURT_R": 0.7779999999999998, "BLEURT_F1": 0.8209014155936577, "BLEURT_perfect_align": 0.6911708364718487, "BLEURT_acc": 0.6044444444444445, "BLEURT_acc_perfect_align": 0.96, "fraction_perfect_align": 0.576222222222222}, "proof-overall": {"acc": 0.4266666666666667, "acc_perfect_align": 0.4266666666666667}}}}