{"../ablation3/eval/gsm8k_prover_no_verifier/scores-test": {"QAHC->P": {"counter": 75, "proof-leaves": {"acc": 0.4, "F1": 0.8128648388648382, "P": 0.8325555555555555, "R": 0.8114603174603177}, "proof-steps": {"acc": 0.0, "F1": 0.14137181337181337, "P": 0.15200000000000002, "R": 0.1353492063492063}, "proof-intermediates": {"ROUGE_L_F": 0.27478380952380954, "ROUGE_L_F_perfect_align": 0.20351333333333327, "BLEURT": -0.8138549007304289, "BLEURT_P": 0.11146031746031745, "BLEURT_R": 0.10034920634920635, "BLEURT_F1": 0.10285137085137083, "BLEURT_perfect_align": -0.41805933830969866, "BLEURT_acc": 0.0, "BLEURT_acc_perfect_align": 0.41333333333333333, "fraction_perfect_align": 0.3995873015873016}, "proof-overall": {"acc": 0.0, "acc_perfect_align": 0.0}}}}