{"../ablation1/ablation1_eval/full_model_3/scores-test": {"QAHC->P": {"counter": 340, "proof-leaves": {"acc": 0.9352941176470588, "F1": 0.981419655466802, "P": 0.9882352941176471, "R": 0.9771927255750786}, "proof-steps": {"acc": 0.4264705882352941, "F1": 0.5521443017173289, "P": 0.5527260724665572, "R": 0.5572338935574235}, "proof-intermediates": {"ROUGE_L_F": 0.8257016216434472, "ROUGE_L_F_perfect_align": 0.8821936274509804, "BLEURT": 0.6909508071316899, "BLEURT_P": 0.7830283374833545, "BLEURT_R": 0.70706550802139, "BLEURT_F1": 0.7294376757076855, "BLEURT_perfect_align": 0.868183431014848, "BLEURT_acc": 0.39705882352941174, "BLEURT_acc_perfect_align": 0.8382352941176471, "fraction_perfect_align": 0.7190829206356888}, "proof-overall": {"acc": 0.38235294117647056, "acc_perfect_align": 0.38235294117647056}}}}