{"../ablation1/ablation1_eval/no_prover_score_3/scores-test": {"QAHC->P": {"counter": 340, "proof-leaves": {"acc": 0.8852941176470588, "F1": 0.9746962685172934, "P": 0.9882352941176471, "R": 0.9654032976827096}, "proof-steps": {"acc": 0.39705882352941174, "F1": 0.5279672452579427, "P": 0.5278827585812881, "R": 0.536284801799508}, "proof-intermediates": {"ROUGE_L_F": 0.8229795206019466, "ROUGE_L_F_perfect_align": 0.8597833333333332, "BLEURT": 0.6852266375585745, "BLEURT_P": 0.773979929384341, "BLEURT_R": 0.6970265682030384, "BLEURT_F1": 0.7183462225376323, "BLEURT_perfect_align": 0.8441925235110443, "BLEURT_acc": 0.3941176470588235, "BLEURT_acc_perfect_align": 0.8411764705882353, "fraction_perfect_align": 0.6987687639158228}, "proof-overall": {"acc": 0.36470588235294116, "acc_perfect_align": 0.36470588235294116}}}}