{"../ablation3/eval/ent_prover_ent_verifier_scone/scores-test": {"QAHC->P": {"counter": 225, "proof-leaves": {"acc": 0.008888888888888889, "F1": 0.40459804393137744, "P": 0.5396190476190474, "R": 0.35904232804232816}, "proof-steps": {"acc": 0.008888888888888889, "F1": 0.013703703703703704, "P": 0.013703703703703702, "R": 0.014222222222222223}, "proof-intermediates": {"ROUGE_L_F": 0.7854762962962991, "ROUGE_L_F_perfect_align": 0.008888888888888889, "BLEURT": 0.3383413539504012, "BLEURT_P": 0.6182962962962963, "BLEURT_R": 0.44674074074074055, "BLEURT_F1": 0.4660811287477961, "BLEURT_perfect_align": -0.13816640262250546, "BLEURT_acc": 0.24, "BLEURT_acc_perfect_align": 0.9066666666666666, "fraction_perfect_align": 0.061407407407407404}, "proof-overall": {"acc": 0.008888888888888889, "acc_perfect_align": 0.008888888888888889}}}}