{"../ablation1/ablation1_eval/no_verifier_score_2/scores-test": {"QAHC->P": {"counter": 340, "proof-leaves": {"acc": 0.9470588235294117, "F1": 0.9814417636924032, "P": 0.9882352941176471, "R": 0.9771043417366947}, "proof-steps": {"acc": 0.42058823529411765, "F1": 0.5469407682353871, "P": 0.549667538344009, "R": 0.5476646719293781}, "proof-intermediates": {"ROUGE_L_F": 0.8200083172546411, "ROUGE_L_F_perfect_align": 0.8854333333333331, "BLEURT": 0.6756083362158211, "BLEURT_P": 0.770650860577331, "BLEURT_R": 0.6938029454205923, "BLEURT_F1": 0.7163600020793484, "BLEURT_perfect_align": 0.8702946711507371, "BLEURT_acc": 0.3911764705882353, "BLEURT_acc_perfect_align": 0.8294117647058824, "fraction_perfect_align": 0.7116768035885684}, "proof-overall": {"acc": 0.3735294117647059, "acc_perfect_align": 0.3735294117647059}}}}