{"../ablation3/eval/scone_prover_ent_verifier/scores-test": {"QAHC->P": {"counter": 225, "proof-leaves": {"acc": 0.37777777777777777, "F1": 0.7988831908831907, "P": 0.8428148148148148, "R": 0.8001375661375664}, "proof-steps": {"acc": 0.3377777777777778, "F1": 0.5366313932980603, "P": 0.5365185185185186, "R": 0.5554814814814816}, "proof-intermediates": {"ROUGE_L_F": 0.9457851851851842, "ROUGE_L_F_perfect_align": 0.5504777777777777, "BLEURT": 0.8759271469157608, "BLEURT_P": 0.9081481481481481, "BLEURT_R": 0.7795555555555552, "BLEURT_F1": 0.813206913638286, "BLEURT_perfect_align": 0.5396584679752037, "BLEURT_acc": 0.5955555555555555, "BLEURT_acc_perfect_align": 0.96, "fraction_perfect_align": 0.4568148148148148}, "proof-overall": {"acc": 0.3377777777777778, "acc_perfect_align": 0.3377777777777778}}}}