{"../ablation1/eval/nosearch/scores-test": {"QAHC->P": {"counter": 340, "proof-leaves": {"acc": 0.5647058823529412, "F1": 0.898897252709855, "P": 0.9448629148629151, "R": 0.8816042780748673}, "proof-steps": {"acc": 0.3588235294117647, "F1": 0.48658518480750357, "P": 0.4937920168067227, "R": 0.4900080638315933}, "proof-intermediates": {"ROUGE_L_F": 0.8324929855275441, "ROUGE_L_F_perfect_align": 0.6657039215686273, "BLEURT": 0.6930635879167133, "BLEURT_P": 0.7881069094304392, "BLEURT_R": 0.6682798573975045, "BLEURT_F1": 0.700906362828739, "BLEURT_perfect_align": 0.6230694362891874, "BLEURT_acc": 0.38529411764705884, "BLEURT_acc_perfect_align": 0.8676470588235294, "fraction_perfect_align": 0.5699988328664797}, "proof-overall": {"acc": 0.3411764705882353, "acc_perfect_align": 0.3411764705882353}}}}