{"../ablation1/ablation1_eval/no_prover_score_1/scores-test": {"QAHC->P": {"counter": 340, "proof-leaves": {"acc": 0.8823529411764706, "F1": 0.9740860351985373, "P": 0.9882352941176471, "R": 0.9641320770732539}, "proof-steps": {"acc": 0.3941176470588235, "F1": 0.5256387109824561, "P": 0.5262583413318709, "R": 0.5328284950343775}, "proof-intermediates": {"ROUGE_L_F": 0.8209370266171737, "ROUGE_L_F_perfect_align": 0.8553187675070026, "BLEURT": 0.6885792622161733, "BLEURT_P": 0.7743216016010134, "BLEURT_R": 0.6900447754859518, "BLEURT_F1": 0.7137201129309867, "BLEURT_perfect_align": 0.8460990961263001, "BLEURT_acc": 0.3911764705882353, "BLEURT_acc_perfect_align": 0.8441176470588235, "fraction_perfect_align": 0.690895460748402}, "proof-overall": {"acc": 0.3588235294117647, "acc_perfect_align": 0.3588235294117647}}}}