{"../ablation1/eval/singleshot/scores-test": {"QAHC->P": {"counter": 340, "proof-leaves": {"acc": 0.4470588235294118, "F1": 0.8593511215205811, "P": 0.9166374883286651, "R": 0.8391181775740606}, "proof-steps": {"acc": 0.2911764705882353, "F1": 0.41306426080647596, "P": 0.4214309056956117, "R": 0.4153367710720652}, "proof-intermediates": {"ROUGE_L_F": 0.8060294467787118, "ROUGE_L_F_perfect_align": 0.5580299019607844, "BLEURT": 0.6191547080732949, "BLEURT_P": 0.6982749766573296, "BLEURT_R": 0.6111054876496054, "BLEURT_F1": 0.6246282710577583, "BLEURT_perfect_align": 0.47497102036670424, "BLEURT_acc": 0.31470588235294117, "BLEURT_acc_perfect_align": 0.85, "fraction_perfect_align": 0.4704691876750702}, "proof-overall": {"acc": 0.27647058823529413, "acc_perfect_align": 0.2823529411764706}}}}